City,Latitude,Longitude,Max Temp_F,Humidity_%,Cloudiness_%,Wind Speed,Country,Date
Talnakh,69.4865,88.3972,-20.72,81,48,4.18,RU,1607925600
Teknāf,20.8624,92.3058,81.55,54,0,7.14,BD,1607925600
Los Llanos de Aridane,28.6585,-17.9182,63.37,87,58,6.6,ES,1607925600
Carnarvon,-24.8667,113.6333,78.28,48,0,21.3,AU,1607925600
Bethel,41.3712,-73.414,36.21,83,26,3.04,US,1607925600
Yellowknife,62.456,-114.3525,-21.35,80,5,5.73,CA,1607925600
Ambo,-10.1308,-76.2047,60.19,67,93,0.25,PE,1607925600
Mahébourg,-20.4081,57.7,78.93,87,63,15.26,MU,1607925600
Borgarnes,64.5383,-21.9206,38.34,66,85,17.92,IS,1607925600
Ekhabi,53.5102,142.9671,22.8,95,100,11.5,RU,1607925600
Wajir,1.7471,40.0573,79.57,67,18,11.56,KE,1607925600
Ushuaia,-54.8,-68.3,38.46,83,45,6.02,AR,1607925600
Madang,-5.2246,145.7966,82.53,84,78,4.32,PG,1607925600
Āsmār,35.0333,71.3581,50.04,50,100,4.59,AF,1607925600
Vao,-22.6667,167.4833,77.67,81,100,22.37,NC,1607925600
Busselton,-33.65,115.3333,69.12,47,37,12.91,AU,1607925600
Río Gallegos,-51.6226,-69.2181,43.18,70,43,22.68,AR,1607925600
Kapaa,22.0752,-159.319,75.72,72,26,7.74,US,1607925600
Imbituba,-28.24,-48.6703,70.9,92,85,2.42,BR,1607925600
Redmond,47.674,-122.1215,41.63,91,89,4.74,US,1607925600
Jamestown,42.097,-79.2353,30.61,91,94,4.16,US,1607925600
Jharsuguda,21.85,84.0333,81.84,47,20,4.68,IN,1607925600
East London,-33.0153,27.9116,73.44,79,1,6.91,ZA,1607925600
São João da Barra,-21.6403,-41.0511,74.55,82,78,18.3,BR,1607925600
Marsh Harbour,26.5412,-77.0636,75.04,77,41,5.28,BS,1607925600
Saskylakh,71.9167,114.0833,-24.36,83,100,15.57,RU,1607925600
Cape Town,-33.9258,18.4232,64.09,80,20,7.02,ZA,1607925600
Punta Arenas,-53.15,-70.9167,40.51,81,65,12.62,CL,1607925600
Mount Gambier,-37.8333,140.7667,92.57,25,73,7.96,AU,1607925600
Chui,-33.6971,-53.4616,58.42,85,47,6.78,UY,1607925600
Marawi,7.9986,124.2928,81.14,78,100,6.11,PH,1607925600
Arraial do Cabo,-22.9661,-42.0278,74.64,88,100,20.49,BR,1607925600
Ribeira Grande,38.5167,-28.7,57.78,63,28,24.38,PT,1607925600
Chu,43.5983,73.7614,15.48,92,0,4.59,KZ,1607925600
Saint-Philippe,-21.3585,55.7679,75.56,81,86,14.27,RE,1607925600
Husavik,66.0449,-17.3389,36.45,82,49,18.84,IS,1607925600
Ixtapa,20.7,-105.2,66.6,74,10,2.46,MX,1607925600
Ponta do Sol,32.6667,-17.1,63.81,81,33,9.62,PT,1607925600
Tonneins,44.3921,0.3124,47.43,86,49,10.4,FR,1607925600
Rikitea,-23.1203,-134.9692,75.88,71,41,6.08,PF,1607925600
Bluff,-46.6,168.3333,57.31,76,79,8.48,NZ,1607925600
Maniitsoq,65.4167,-52.9,18.0,92,95,11.92,GL,1607925600
Manching,48.7166,11.4939,35.11,95,19,5.55,DE,1607925600
Puerto Ayora,-0.7393,-90.3518,72.64,89,99,11.7,EC,1607925600
Barrow,71.2906,-156.7887,-4.49,79,1,19.04,US,1607925600
Zambezi,-13.5432,23.1047,67.89,89,100,11.07,ZM,1607925600
São Miguel do Araguaia,-13.275,-50.1628,73.9,90,98,3.06,BR,1607925600
Mataura,-46.1927,168.8643,63.88,62,91,4.52,NZ,1607925600
Nouadhibou,20.931,-17.0347,64.35,76,56,19.91,MR,1607925600
Departamento de Maldonado,-34.6667,-54.9167,57.72,80,10,0.49,UY,1607925600
Hong Kong,22.2855,114.1577,66.24,70,90,10.89,HK,1607925600
Clyde River,70.4692,-68.5914,-15.14,78,1,3.74,CA,1607925600
Hobart,-42.8794,147.3294,86.68,29,0,4.76,AU,1607925600
Bucerías,20.75,-105.3333,67.57,86,1,3.53,MX,1607925600
Qaanaaq,77.484,-69.3632,23.5,91,100,2.62,GL,1607925600
Tiksi,71.6872,128.8694,-27.99,81,28,2.42,RU,1607925600
Nizhniy Baskunchak,48.2198,46.8311,24.03,93,96,15.28,RU,1607925600
Hithadhoo,-0.6,73.0833,82.83,75,98,16.26,MV,1607925600
Boyolangu,-8.1181,111.8935,77.09,86,100,5.41,ID,1607925600
Ballina,-28.8667,153.5667,73.02,92,95,20.78,AU,1607925600
Lamu,-2.2717,40.902,81.21,80,2,7.87,KE,1607925600
Cidreira,-30.1811,-50.2056,70.27,92,99,7.43,BR,1607925600
Norman Wells,65.282,-126.8329,-31.4,73,23,4.99,CA,1607925600
Upernavik,72.7868,-56.1549,22.87,98,100,10.8,GL,1607925600
Shirakawa,37.1223,140.2376,35.73,71,66,13.24,JP,1607925600
Mnogovershinnyy,53.9353,139.9242,15.71,98,100,18.1,RU,1607925600
Atuona,-9.8,-139.0333,78.98,77,1,13.33,PF,1607925600
Torbay,47.6666,-52.7314,31.59,99,95,21.83,CA,1607925600
Hamilton,39.1834,-84.5333,39.96,79,95,4.18,US,1607925600
Hilo,19.7297,-155.09,75.63,78,81,4.07,US,1607925600
Moyo,3.6609,31.7247,77.9,48,36,3.09,UG,1607925600
Ayamé,5.6083,-3.1563,73.26,96,3,1.74,CI,1607925600
Batagay-Alyta,67.8006,130.4114,-33.63,66,0,1.16,RU,1607925600
Tucumcari,35.1717,-103.725,27.07,87,1,8.59,US,1607925600
Taywarah,33.35,64.4167,16.72,92,64,0.74,AF,1607925600
Aras,42.5617,-2.356,43.92,95,100,2.95,ES,1607925600
Kruisfontein,-34.0033,24.7314,69.12,79,21,12.5,ZA,1607925600
Kumul,42.8,93.45,21.38,66,0,1.52,CN,1607925600
New Norfolk,-42.7826,147.0587,90.59,24,0,8.01,AU,1607925600
Kavaratti,10.5669,72.642,84.13,70,19,2.71,IN,1607925600
Ilulissat,69.2167,-51.1,20.79,87,100,12.91,GL,1607925600
West Des Moines,41.572,-93.7453,23.41,90,10,9.98,US,1607925600
Albany,42.6001,-73.9662,34.61,81,62,3.29,US,1607925600
Kristiansand,58.1467,7.9956,41.99,89,100,19.62,NO,1607925600
Linares,-35.85,-71.6,51.13,47,0,4.94,CL,1607925600
Masuguru,-11.3667,38.4167,81.36,74,91,5.77,TZ,1607925600
Patitiri,39.15,23.8667,55.81,89,95,36.13,GR,1607925600
Chaiya,9.3862,99.1986,86.16,75,58,8.52,TH,1607925600
Evensk,61.95,159.2333,-3.55,83,1,15.73,RU,1607925600
Chifeng,42.2683,118.9636,5.41,82,0,10.0,CN,1607925600
Vaini,-21.2,-175.2,79.2,87,87,25.37,TO,1607925600
Lang Son,21.8333,106.7333,57.52,79,91,9.22,VN,1607925600
Nanortalik,60.1432,-45.2371,31.59,96,100,5.03,GL,1607925600
Provideniya,64.3833,-173.3,15.17,94,100,26.4,RU,1607925600
San Patricio,28.017,-97.5169,49.53,55,79,19.84,US,1607925600
Mareeba,-17.0,145.4333,82.33,69,100,3.22,AU,1607925600
Moctezuma,29.8,-109.6667,51.73,40,0,6.71,MX,1607925600
Touros,-5.1989,-35.4608,77.32,85,60,11.7,BR,1607925600
Olinda,-8.0089,-34.8553,78.57,71,56,12.08,BR,1607925600
Itainópolis,-7.4469,-41.4783,78.82,50,23,3.74,BR,1607925600
Hermanus,-34.4187,19.2345,65.43,77,1,5.59,ZA,1607925600
Longyearbyen,78.2186,15.6401,14.61,90,79,5.26,SJ,1607925600
Ancud,-41.8697,-73.8203,55.13,95,95,25.01,CL,1607925600
Havelock,34.8791,-76.9013,60.26,97,79,2.48,US,1607925600
Kaitangata,-46.2817,169.8464,61.75,62,95,4.0,NZ,1607925600
Pekan,3.4836,103.3996,83.95,77,59,8.25,MY,1607925600
Ketchikan,55.3422,-131.6461,35.53,89,95,6.31,US,1607925600
Hobyo,5.3505,48.5268,80.51,67,2,20.6,SO,1607925600
Dikson,73.5069,80.5464,-8.75,91,100,11.07,RU,1607925600
Erenhot,43.6475,111.9767,2.89,85,12,10.49,CN,1607925600
Lompoc,34.6391,-120.4579,55.56,92,93,4.36,US,1607925600
Yumen,40.2833,97.2,18.84,89,98,8.25,CN,1607925600
Esperance,-33.8667,121.9,66.18,51,54,17.11,AU,1607925600
Avera,33.194,-82.5271,62.82,90,95,11.25,US,1607925600
Avarua,-21.2078,-159.775,81.46,75,11,7.23,CK,1607925600
Ugoofaaru,5.6667,73.0,82.74,66,5,4.7,MV,1607925600
Pathein,16.7833,94.7333,85.05,54,0,3.31,MM,1607925600
Corner Brook,48.9667,-57.9484,26.11,94,94,9.93,CA,1607925600
Tasiilaq,65.6145,-37.6368,32.09,93,100,18.32,GL,1607925600
Goose Creek,32.981,-80.0326,62.11,89,94,4.5,US,1607925600
Denpasar,-8.65,115.2167,79.68,88,87,12.12,ID,1607925600
Umluj,25.0213,37.2685,79.12,31,0,8.93,SA,1607925600
Taoudenni,22.6783,-3.9836,64.36,29,65,7.65,ML,1607925600
Mazatán,14.8667,-92.45,75.56,79,55,4.41,MX,1607925600
Severo-Kuril'sk,50.6789,156.125,34.83,89,99,35.28,RU,1607925600
Tuktoyaktuk,69.4541,-133.0374,-5.55,84,69,8.28,CA,1607925600
Butaritari,3.0707,172.7902,82.18,77,5,18.21,KI,1607925600
Malbork,54.0359,19.0266,33.82,96,97,4.23,PL,1607925600
Ituporanga,-27.4144,-49.6025,68.85,95,97,1.07,BR,1607925600
Yuncheng,35.0231,110.9928,32.85,62,3,4.16,CN,1607925600
Port Alfred,-33.5906,26.891,71.22,86,0,15.05,ZA,1607925600
Halifax,44.6453,-63.5724,47.03,95,92,8.86,CA,1607925600
Bandarbeyla,9.4942,50.8122,75.99,64,58,21.52,SO,1607925600
La Rioja,42.25,-2.5,44.58,94,100,4.56,ES,1607925600
Leshukonskoye,64.8989,45.7622,15.04,97,100,5.03,RU,1607925600
Port Hedland,-20.3167,118.5667,86.07,60,29,14.23,AU,1607925600
Thompson,55.7435,-97.8558,-20.33,84,3,6.24,CA,1607925600
Menongue,-14.6585,17.691,65.17,74,78,5.73,AO,1607925600
Inhambane,-23.865,35.3833,83.84,80,26,5.75,MZ,1607925600
Gold Coast,-28.0,153.4333,74.62,82,92,19.3,AU,1607925600
Baykit,61.67,96.37,-8.63,86,96,1.61,RU,1607925600
Vila Franca do Campo,37.7167,-25.4333,55.74,68,23,16.08,PT,1607925600
Deep River,46.1001,-77.4995,18.97,88,86,1.34,CA,1607925600
Mar del Plata,-38.0023,-57.5575,53.6,73,0,13.29,AR,1607925600
Fortuna,40.5982,-124.1573,45.68,91,41,2.04,US,1607925600
Port Blair,11.6667,92.75,82.08,71,42,11.36,IN,1607925600
Half Moon Bay,37.4636,-122.4286,51.62,88,45,12.66,US,1607925600
Asău,46.4333,26.4,35.6,92,38,2.73,RO,1607925600
Barranca,-10.75,-77.7667,66.54,87,99,7.07,PE,1607925600
Aksu,41.1231,80.2644,27.55,88,69,1.88,CN,1607925600
Juegang,32.3174,121.1855,39.7,64,88,16.4,CN,1607925600
Saldanha,-33.0117,17.9442,63.75,81,44,4.07,ZA,1607925600
Maţāy,28.419,30.7792,64.54,31,0,6.06,EG,1607925600
Sur,22.5667,59.5289,75.72,41,0,12.24,OM,1607925600
Hearst,49.6835,-83.6665,12.54,93,100,4.59,CA,1607925600
Goderich,43.7501,-81.7165,34.52,77,100,13.62,CA,1607925600
Sayville,40.7359,-73.0821,45.82,64,69,8.46,US,1607925600
Porto Murtinho,-21.6989,-57.8825,79.77,72,69,2.68,BR,1607925600
Saint Paul Harbor,57.79,-152.4072,42.13,94,95,9.37,US,1607925600
Durango,24.8333,-104.8333,44.89,57,28,2.53,MX,1607925600
San Fernando del Valle de Catamarca,-28.4696,-65.7852,64.71,61,7,12.62,AR,1607925600
Saint George,37.1041,-113.5841,39.24,50,59,4.07,US,1607925600
Urengoy,65.9667,78.3667,4.33,94,100,9.15,RU,1607925600
Milton,34.1322,-84.3007,62.47,94,100,11.32,US,1607925600
Suamico,44.6319,-88.0393,27.32,82,93,13.11,US,1607925600
Lebu,-37.6167,-73.65,51.19,84,4,9.6,CL,1607925600
Kousséri,12.0769,15.0306,71.1,26,1,6.2,CM,1607925600
Mogadishu,2.0371,45.3438,79.93,69,0,15.48,SO,1607925600
Tuatapere,-46.1333,167.6833,58.15,72,88,5.46,NZ,1607925600
Paamiut,61.994,-49.6678,22.64,91,100,29.24,GL,1607925600
Cosalá,24.4125,-106.6908,61.03,65,0,3.47,MX,1607925600
Mackay,-21.15,149.2,82.09,56,75,9.71,AU,1607925600
Crotone,39.0851,17.1178,53.17,71,3,24.29,IT,1607925600
Kailua,21.4022,-157.7394,77.0,77,27,4.25,US,1607925600
Geraldton,-28.7667,114.6,74.05,46,0,22.19,AU,1607925600
Pangnirtung,66.1451,-65.7125,-2.4,72,11,7.07,CA,1607925600
Qarqīn,37.4185,66.0436,27.97,98,99,6.04,AF,1607925600
Lakes Entrance,-37.8811,147.981,79.54,48,0,9.4,AU,1607925600
Lüderitz,-26.6481,15.1594,64.02,72,0,16.28,NA,1607925600
Narsaq,60.9167,-46.05,28.56,89,100,2.15,GL,1607925600
Campos dos Goytacazes,-21.75,-41.3,72.03,86,100,7.45,BR,1607925600
Yangi Marg`ilon,40.4272,71.7189,35.04,85,95,4.03,UZ,1607925600
Jennings,38.7192,-90.2604,34.61,85,80,8.03,US,1607925600
Kaeo,-35.1,173.7833,68.32,60,0,6.2,NZ,1607925600
Sinnamary,5.3833,-52.95,77.32,85,19,5.12,GF,1607925600
Alofi,-19.0595,-169.9187,79.66,82,95,25.5,NU,1607925600
Yerbogachën,61.2767,108.0108,-15.81,87,100,8.48,RU,1607925600
Souillac,-20.5167,57.5167,79.36,86,75,14.5,MU,1607925600
Nikolskoye,59.7035,30.7861,25.29,92,93,2.8,RU,1607925600
Rafaela,-31.2503,-61.4867,57.25,57,0,8.08,AR,1607925600
Bilma,18.6853,12.9164,64.74,31,0,11.41,NE,1607925600
Muros,42.7762,-9.0603,56.98,82,9,18.19,ES,1607925600
Port Moresby,-9.4431,147.1797,87.06,64,59,4.52,PG,1607925600
Kasama,-10.2129,31.1808,65.82,93,100,2.37,ZM,1607925600
Khvastovichi,53.4694,35.0941,27.95,95,95,8.93,RU,1607925600
Zhangjiakou,40.81,114.8794,13.84,67,0,12.21,CN,1607925600
Rawson,-43.3002,-65.1023,64.04,31,63,20.11,AR,1607925600
Yenagoa,4.9247,6.2642,75.61,92,6,1.81,NG,1607925600
Misratah,32.3754,15.0925,60.69,73,7,22.3,LY,1607925600
Lhokseumawe,5.1801,97.1507,83.82,69,100,5.17,ID,1607925600
Broome,42.2506,-75.833,31.96,96,79,2.3,US,1607925600
Dolzhanskaya,46.6311,37.8039,40.3,71,100,19.08,RU,1607925600
Khatanga,71.9667,102.5,-14.71,88,100,9.71,RU,1607925600
Antiguo Morelos,22.5495,-99.0812,69.35,50,68,14.94,MX,1607925600
Anadyr,64.75,177.4833,18.55,82,95,9.6,RU,1607925600
Naze,28.3667,129.4833,57.29,89,86,22.86,JP,1607925600
Salalah,17.0151,54.0924,73.11,36,18,17.25,OM,1607925600
Palmer,42.1584,-72.3287,32.68,81,11,5.01,US,1607925600
Rocha,-34.4833,-54.3333,55.38,91,22,4.7,UY,1607925600
Uthal,25.8072,66.6219,73.62,26,0,8.81,PK,1607925600
Krasnorechenskiy,44.6265,135.3532,-2.72,84,60,15.86,RU,1607925600
Caravelas,-17.7125,-39.2481,72.37,92,1,3.11,BR,1607925600
Kirakira,-10.4544,161.9205,84.45,73,76,1.74,SB,1607925600
Russell,32.3502,-85.1999,64.4,88,92,12.12,US,1607925600
Bengkulu,-3.8004,102.2655,83.79,67,96,9.33,ID,1607925600
Keti Bandar,24.1447,67.4497,73.6,28,0,11.77,PK,1607925600
Mailsi,29.8003,72.1758,68.99,42,0,1.23,PK,1607925600
Buin,-33.7333,-70.75,64.2,29,0,4.09,CL,1607925600
Grindavik,63.8424,-22.4338,41.5,70,49,22.77,IS,1607925600
Porto Torres,40.835,8.3972,50.47,83,0,4.9,IT,1607925600
La Ronge,55.1001,-105.2842,-4.83,83,0,4.81,CA,1607925600
Savannah Bight,16.45,-85.85,80.38,84,0,18.84,HN,1607925600
Hecun,36.5333,114.1111,33.08,55,0,7.54,CN,1607925600
San Cristobal,7.7669,-72.225,61.54,76,74,1.88,VE,1607925600
Ambon City,-3.6954,128.1814,88.05,65,58,9.08,ID,1607925600
Karasburg,-28.0167,18.75,68.25,30,0,3.0,NA,1607925600
Berëzovka,53.7214,25.4993,32.83,97,100,2.59,BY,1607925600
Laguna,38.421,-121.4238,48.04,88,36,6.6,US,1607925600
Killybegs,54.6333,-8.45,48.78,87,93,19.44,IE,1607925600
Sobolevo,54.4299,31.8996,29.32,99,100,6.08,RU,1607925600
Port Elizabeth,-33.918,25.5701,70.38,86,54,17.65,ZA,1607925600
Koshurnikovo,54.1667,93.3,13.19,97,100,5.19,RU,1607925600
Bambous Virieux,-20.3428,57.7575,78.84,87,62,15.41,MU,1607925600
Alta Floresta,-9.8756,-56.0861,70.77,95,100,0.83,BR,1607925600
Sittwe,20.15,92.9,80.74,60,2,3.78,MM,1607925600
Nueve de Julio,-35.4444,-60.8831,58.23,46,0,4.9,AR,1607925600
Labuhan,-6.8844,112.2051,80.2,81,100,5.3,ID,1607925600
Zarubino,42.63,131.0922,15.21,77,6,22.55,RU,1607925600
Yar-Sale,66.8333,70.8333,6.57,95,100,12.55,RU,1607925600
Riyadh,24.6877,46.7219,60.3,53,3,4.41,SA,1607925600
Deputatsky,69.3,139.9,-20.09,88,100,3.65,RU,1607925600
Mandurah,-32.55,115.7,68.56,42,26,19.75,AU,1607925600
Juneau,58.3019,-134.4197,24.75,85,93,9.08,US,1607925600
Grand Gaube,-20.0064,57.6608,80.15,78,22,16.62,MU,1607925600
Balakliya,49.4627,36.8595,34.11,91,95,13.89,UA,1607925600
Seoul,37.5683,126.9778,22.26,55,1,12.39,KR,1607925600
Mayskiy,47.6931,40.1025,33.22,96,95,15.43,RU,1607925600
Bairiki Village,1.3292,172.9752,82.87,73,55,16.73,KI,1607925600
Roald,62.5833,6.1333,43.57,57,100,11.77,NO,1607925600
Ahipara,-35.1667,173.1667,66.54,68,11,3.42,NZ,1607925600
Krasnyy Oktyabr',56.1167,38.8833,20.44,94,100,6.64,RU,1607925600
North Bend,43.4065,-124.2243,44.65,94,77,5.84,US,1607925600
George Town,5.4112,100.3354,84.74,73,41,4.43,MY,1607925600
Napāsar,27.9667,73.55,66.25,43,0,8.99,IN,1607925600
Parangan,5.0839,119.9383,85.19,65,89,4.59,PH,1607925600
Lufilufi,-13.8745,-171.5986,83.5,86,93,20.04,WS,1607925600
Midyat,37.4247,41.3393,48.76,85,95,12.33,TR,1607925600
Mabaruma,8.2,-59.7833,72.75,95,100,1.03,GY,1607925600
Balkanabat,39.5108,54.3671,42.82,60,0,15.19,TM,1607925600
Lofthus,59.9468,10.8018,35.24,90,99,4.7,NO,1607925600
Morant Bay,17.8815,-76.4093,77.16,79,48,7.23,JM,1607925600
Chapais,49.7834,-74.8492,2.46,93,95,6.53,CA,1607925600
Sirte,31.2089,16.5887,60.94,71,40,25.12,LY,1607925600
Baghmara,23.795,86.2085,80.22,48,44,3.96,IN,1607925600
Bijāwar,24.6333,79.5,66.06,49,67,6.35,IN,1607925600
Mabamba,-3.5983,30.5019,67.75,91,100,1.48,TZ,1607925600
Bredasdorp,-34.5322,20.0403,67.12,71,1,5.82,ZA,1607925600
Saint Anthony,45.0205,-93.218,22.06,76,58,12.1,US,1607925600
Palana,59.1167,159.9667,9.52,93,34,13.24,RU,1607925600
Monte Patria,-30.6919,-70.9467,59.09,61,0,1.5,CL,1607925600
Mount Isa,-20.7333,139.5,99.19,19,96,8.97,AU,1607925600
Lakhdenpokh'ya,61.5198,30.1992,21.7,97,97,2.1,RU,1607925600
Tūkrah,32.5341,20.5791,61.23,70,29,25.46,LY,1607925600
Novobiryusinskiy,56.9578,97.7076,9.64,93,100,9.86,RU,1607925600
Hofn,64.2539,-15.2082,38.1,88,99,33.24,IS,1607925600
Plérin,48.5425,-2.7798,50.68,89,9,14.23,FR,1607925600
Vorobyevka,50.6451,40.9245,24.4,96,100,12.3,RU,1607925600
Cabo San Lucas,22.8909,-109.9124,65.8,66,3,4.09,MX,1607925600
Broken Hill,-31.95,141.4333,95.36,16,1,10.47,AU,1607925600
Calatayud,41.3535,-1.6432,47.71,87,100,3.15,ES,1607925600
Brae,60.3964,-1.353,48.47,88,100,25.14,GB,1607925600
Mossamedes,-15.1961,12.1522,66.11,81,38,0.2,AO,1607925600
Berdigestyakh,62.0989,126.6992,-37.26,81,47,4.32,RU,1607925600
Itaituba,-4.2761,-55.9836,75.65,86,100,1.61,BR,1607925600
Gazli,40.1333,63.45,30.22,85,0,0.27,UZ,1607925600
Santander,43.4647,-3.8044,57.02,89,58,5.28,ES,1607925600
Melfi,40.9965,15.6514,42.24,84,79,5.41,IT,1607925600
Boende,-0.2167,20.8667,72.5,91,30,3.11,CD,1607925600
Quatre Cocos,-20.2078,57.7625,78.94,87,63,15.52,MU,1607925600
Asadābād,34.7824,48.1185,44.06,79,39,3.11,IR,1607925600
Dhangadhi,28.7079,80.5961,70.45,48,0,3.56,NP,1607925600
Romitan,39.9343,64.3814,30.11,83,0,0.65,UZ,1607925600
Igrim,63.1906,64.4162,18.93,93,33,8.97,RU,1607925600
Katsuura,35.1333,140.3,51.69,56,75,15.68,JP,1607925600
Waipawa,-41.4122,175.5153,56.73,71,18,8.86,NZ,1607925600
Kieta,-6.2167,155.6333,84.61,73,69,6.29,PG,1607925600
Santa Isabel Rio Negro,-0.4139,-65.0192,73.76,94,99,2.28,BR,1607925600
Mana,5.6592,-53.7767,76.89,87,29,6.64,GF,1607925600
Hualmay,-11.0964,-77.6139,66.7,86,94,6.46,PE,1607925600
Faya,18.3851,42.4509,57.67,48,0,1.81,SA,1607925600
Cherskiy,68.75,161.3,-17.9,87,100,5.53,RU,1607925600
Takoradze,4.8845,-1.7554,78.15,87,27,5.93,GH,1607925600
Viedma,-40.8135,-62.9967,64.29,27,40,15.79,AR,1607925600
Mandalgovi,45.7625,106.2708,-0.6,78,5,9.4,MN,1607925600
Chokurdakh,70.6333,147.9167,-17.55,89,100,6.62,RU,1607925600
Hasaki,35.7333,140.8333,48.51,55,86,19.66,JP,1607925600
Dingle,10.9995,122.6711,84.33,77,5,10.78,PH,1607925600
Klaksvík,62.2266,-6.589,46.47,91,100,37.45,FO,1607925600
Mayo,38.8876,-76.5119,45.77,74,29,6.53,US,1607925600
Kangaatsiaq,68.3065,-53.4641,18.23,94,100,14.29,GL,1607925600
Pacific Grove,36.6177,-121.9166,52.88,90,77,11.83,US,1607925600
Chumikan,54.7183,135.315,-6.36,80,100,20.22,RU,1607925600
Paciran,-6.8767,112.3761,80.94,79,100,6.4,ID,1607925600
Yayva,59.3303,57.2641,7.68,92,99,6.22,RU,1607925600
Syracuse,37.0881,15.2792,54.05,76,0,11.95,IT,1607925600
Aborlan,9.4352,118.5492,88.23,65,32,8.25,PH,1607925600
Port Hardy,50.6996,-127.4199,43.21,91,95,9.06,CA,1607925600
Leningradskiy,69.3833,178.4167,16.54,89,100,20.98,RU,1607925600
Te Anau,-45.4167,167.7167,69.6,42,98,2.08,NZ,1607925600
Codrington,-38.2667,141.9667,88.9,34,78,7.7,AU,1607925600
Shingū,33.7333,135.9833,49.55,60,54,17.07,JP,1607925600
Sorong,-0.8833,131.25,85.26,71,100,9.84,ID,1607925600
Las Cruces,32.3123,-106.7783,37.27,59,63,3.36,US,1607925600
Fairview,40.8126,-73.999,43.7,63,52,5.7,US,1607925600
Ulladulla,-35.35,150.4667,72.88,62,69,12.93,AU,1607925600
Lavrentiya,65.5833,-171.0,12.9,84,100,36.42,RU,1607925600
Darnah,32.767,22.6367,61.54,70,64,32.19,LY,1607925600
Cabedelo,-6.9811,-34.8339,78.06,87,56,13.4,BR,1607925600
Maningrida,-12.0667,134.2667,88.45,61,93,9.86,AU,1607925600
São Filipe,14.8961,-24.4956,74.43,73,16,9.37,CV,1607925600
Calvinia,-31.4707,19.776,65.26,34,0,3.83,ZA,1607925600
Cayenne,4.9333,-52.3333,77.13,93,34,2.95,GF,1607925600
Srivilliputtur,9.5081,77.6336,79.25,69,43,5.35,IN,1607925600
Olenegorsk,68.15,33.3,15.19,97,88,1.23,RU,1607925600
Baharly,38.4362,57.4316,34.81,78,0,12.01,TM,1607925600
Wau,7.7029,27.9953,81.36,29,20,4.12,SS,1607925600
Kavieng,-2.5744,150.7967,85.8,69,100,9.24,PG,1607925600
Yulara,-25.2406,130.9889,95.74,25,20,3.36,AU,1607925600
Pundaguitan,6.3711,126.1689,79.11,84,100,1.68,PH,1607925600
Santiago del Estero,-27.7951,-64.2615,65.97,42,8,6.51,AR,1607925600
Pāndoh,31.6833,77.05,64.2,29,0,3.74,IN,1607925600
Belmonte,-15.8631,-38.8828,74.07,81,0,1.79,BR,1607925600
Pimentel,-6.8367,-79.9342,66.79,85,90,9.98,PE,1607925600
Quryq,43.2,51.65,31.87,87,0,22.91,KZ,1607925600
Shimoda,34.6667,138.95,54.34,52,50,21.16,JP,1607925600
Bambanglipuro,-7.95,110.2833,82.74,73,98,8.79,ID,1607925600
Atasū,48.6814,71.6433,10.08,89,94,3.09,KZ,1607925600
Beyla,8.6833,-8.6333,66.7,92,1,1.97,GN,1607925600
Pringsewu,-5.3582,104.9744,84.6,74,84,2.57,ID,1607925600
Belaya Gora,68.5333,146.4167,-20.33,87,100,5.1,RU,1607925600
Bratsk,56.1325,101.6142,11.39,89,87,9.46,RU,1607925600
Tsaratanana,-16.7833,47.65,79.05,63,47,11.07,MG,1607925600
Port Lincoln,-34.7333,135.8667,80.4,53,5,7.31,AU,1607925600
Raudeberg,61.9875,5.1352,44.56,59,100,15.41,NO,1607925600
Beloha,-25.1667,45.05,86.92,47,0,6.98,MG,1607925600
Erzin,36.9559,36.2,58.62,64,100,10.65,TR,1607925600
Nemuro,43.3236,145.575,27.68,60,22,13.94,JP,1607925600
Mīnjūr,13.2667,80.2667,81.77,65,37,7.43,IN,1607925600
Buala,-8.145,159.5921,85.08,72,49,6.96,SB,1607925600
Orós,-6.2444,-38.9136,80.35,61,38,4.29,BR,1607925600
Grande Prairie,55.1667,-118.8027,3.85,85,40,2.93,CA,1607925600
Bariloche,-41.1456,-71.3082,45.64,73,41,19.26,AR,1607925600
Abu Samrah,35.3029,37.1841,53.8,66,69,10.36,SY,1607925600
Moundsville,39.9203,-80.7431,37.81,79,91,0.85,US,1607925600
Torrington,41.8007,-73.1212,33.33,88,41,5.86,US,1607925600
Gallup,35.5281,-108.7426,24.12,89,37,5.21,US,1607925600
Petropavlovsk-Kamchatskiy,53.0452,158.6483,32.36,86,95,43.11,RU,1607925600
Mitsamiouli,-11.3847,43.2844,83.01,64,0,6.44,KM,1607925600
Nome,64.5011,-165.4064,12.25,74,95,32.03,US,1607925600
Tambun,-6.2641,107.0712,92.66,56,41,13.6,ID,1607925600
Florián,5.8049,-73.9703,59.4,83,92,4.32,CO,1607925600
Santa Rosa,14.3122,121.1114,88.36,60,58,11.81,PH,1607925600
Yatou,37.15,122.3833,27.59,92,89,14.58,CN,1607925600
Pevek,69.7008,170.3133,14.9,88,100,22.15,RU,1607925600
Nacala,-14.5428,40.6728,84.79,77,33,9.04,MZ,1607925600
Kismayo,-0.3582,42.5454,81.73,76,0,12.93,SO,1607925600
Saint-Leu,-21.15,55.2833,77.54,78,48,15.46,RE,1607925600
Vestmannaeyjar,63.4427,-20.2734,41.52,68,100,12.86,IS,1607925600
Lithgow,-33.4833,150.15,57.11,88,99,7.67,AU,1607925600
Qandala,11.472,49.8728,75.61,51,2,8.03,SO,1607925600
Korbous,36.8167,10.5687,55.6,76,43,14.52,TN,1607925600
Oranjemund,-28.55,16.4333,62.55,78,1,11.77,NA,1607925600
Kulhudhuffushi,6.6221,73.07,82.44,66,0,4.52,MV,1607925600
Nyamuswa,-1.9,34.0167,69.13,88,59,3.06,TZ,1607925600
Province of Mantua,45.1667,10.7833,37.06,92,46,0.25,IT,1607925600
Calvillo,21.85,-102.7167,60.57,31,65,1.88,MX,1607925600
Moree,-29.4667,149.85,81.48,43,87,7.94,AU,1607925600
Kerema,-7.9631,145.7785,86.34,65,78,7.2,PG,1607925600
Aklavik,68.2191,-135.0107,-7.78,83,99,9.98,CA,1607925600
Guerrero Negro,27.9769,-114.0611,57.65,37,0,5.73,MX,1607925600
Isla Mujeres,21.2311,-86.731,78.37,86,3,9.1,MX,1607925600
Pisco,-13.7,-76.2167,66.38,86,46,4.97,PE,1607925600
Alyangula,-13.8483,136.4192,87.73,62,64,9.71,AU,1607925600
Beeville,28.4008,-97.7483,47.57,58,48,18.86,US,1607925600
Porto Walter,-8.2686,-72.7439,71.4,97,100,2.42,BR,1607925600
Parksepa,57.9062,26.9836,27.5,95,100,3.0,EE,1607925600
Sawākin,19.1059,37.3321,79.2,72,34,5.46,SD,1607925600
Arlit,18.7369,7.3853,67.87,22,0,5.75,NE,1607925600
Muroto-misakicho,33.2833,134.15,53.02,55,69,24.05,JP,1607925600
Ariogala,55.2667,23.4667,30.45,93,95,3.36,LT,1607925600
Itakyry,-24.9333,-55.2167,68.2,96,97,0.13,PY,1607925600
Buchanan,5.8808,-10.0467,77.38,88,24,1.1,LR,1607925600
Munai,7.9758,124.0636,80.19,75,100,5.01,PH,1607925600
Fuling,29.7022,107.3919,48.16,55,89,2.39,CN,1607925600
Springbok,-29.6643,17.8865,63.21,24,0,1.66,ZA,1607925600
Kununurra,-15.7667,128.7333,96.71,44,88,5.95,AU,1607925600
Mezen',65.8522,44.24,25.25,98,100,5.75,RU,1607925600
Ostrovnoy,68.0531,39.5131,28.72,97,87,3.94,RU,1607925600
Bayan,46.0833,127.4,-1.77,88,1,9.04,CN,1607925600
Boa Vista,2.8197,-60.6733,78.03,71,27,2.98,BR,1607925600
Nyurba,63.2842,118.3319,-16.65,86,100,8.5,RU,1607925600
Salinópolis,-0.6136,-47.3561,79.32,82,10,7.31,BR,1607925600
Fort Nelson,58.8053,-122.7002,0.14,85,95,5.61,CA,1607925600
Faanui,-16.4833,-151.75,80.65,72,0,9.55,PF,1607925600
Huntingdon,52.3305,-0.1865,49.69,87,100,14.61,GB,1607925600
Lorengau,-2.0226,147.2712,84.43,77,100,7.43,PG,1607925600
Turukhansk,65.8167,87.9833,4.5,94,100,12.95,RU,1607925600
Gamba,-2.65,10.0,76.75,88,95,4.32,GA,1607925600
Saint-Augustin,51.226,-58.6502,26.58,96,100,21.16,CA,1607925600
Toccoa,34.5773,-83.3324,51.46,92,95,3.09,US,1607925600
Belyy Yar,53.6039,91.3903,19.98,76,49,13.87,RU,1607925600
Poya,-21.35,165.15,83.52,69,100,8.25,NC,1607925600
Atar,20.5169,-13.0499,64.27,26,100,6.87,MR,1607925600
Marystown,47.1666,-55.1483,36.57,92,100,21.16,CA,1607925600
Rogaška Slatina,46.2375,15.6397,33.69,91,48,2.46,SI,1607925600
El Salvador,13.8333,-88.9167,70.43,91,33,1.77,SV,1607925600
Clovis,36.8252,-119.7029,51.06,85,94,2.51,US,1607925600
Northam,51.0333,-4.2167,48.15,85,85,19.89,GB,1607925600
Saint-Pierre,-21.3393,55.4781,78.04,76,57,15.5,RE,1607925600
Pierre,44.3683,-100.351,17.4,73,29,5.19,US,1607925600
Castlegar,49.2998,-117.6689,29.35,83,98,0.27,CA,1607925600
Kahului,20.8947,-156.47,76.55,76,38,5.21,US,1607925600
Richards Bay,-28.783,32.0377,81.14,77,25,11.32,ZA,1607925600
Sibolga,1.7427,98.7792,85.59,61,92,6.04,ID,1607925600
Ca Mau,9.1769,105.15,87.39,68,91,10.47,VN,1607925600
Apatou,5.155,-54.3472,72.32,97,28,2.15,GF,1607925600
Cortez,37.3489,-108.5859,16.54,87,45,5.91,US,1607925600
Cessnock,-32.8333,151.35,68.83,81,95,5.32,AU,1607925600
Jambi City,-1.6,103.6167,87.01,68,99,1.9,ID,1607925600
Nerang,-27.9833,153.3333,73.27,91,98,14.47,AU,1607925600
Philadelphia,39.9523,-75.1638,45.57,63,75,3.47,US,1607925600
Alexandria,31.2156,29.9553,64.58,59,42,20.11,EG,1607925600
Port-Cartier,50.0334,-66.8654,27.12,92,100,20.07,CA,1607925600
Songjianghe,42.1859,127.479,2.12,71,100,11.05,CN,1607925600
Baruun-Urt,46.6806,113.2792,-7.51,83,0,10.6,MN,1607925600
Ceres,37.5949,-120.9577,48.16,96,81,4.32,US,1607925600
Kargasok,59.0556,80.8572,11.84,96,100,10.98,RU,1607925600
Terra Roxa,-23.8557,-50.0314,66.38,98,0,0.87,BR,1607925600
Olafsvik,64.8945,-23.7142,37.89,78,98,26.33,IS,1607925600
Arrondissement de Brive-la-Gaillarde,45.25,1.5,44.94,66,100,1.54,FR,1607925600
Haines Junction,60.7522,-137.5108,-5.03,84,100,2.06,CA,1607925600
Presidencia Roque Sáenz Peña,-26.7852,-60.4388,64.36,84,94,8.28,AR,1607925600
Valverde del Camino,37.5751,-6.7543,56.07,90,100,1.1,ES,1607925600
Jalu,29.0331,21.5482,53.8,59,0,19.33,LY,1607925600
Vila Velha,-20.3297,-40.2925,74.34,81,36,10.18,BR,1607925600
Chowchilla,37.123,-120.2602,49.75,95,91,2.75,US,1607925600
Trāl,33.9333,75.1,41.67,64,22,2.35,IN,1607925600
Damnoen Saduak,13.5182,99.9547,94.48,48,66,1.74,TH,1607925600
Coyhaique,-45.5752,-72.0662,44.02,93,86,7.54,CL,1607925600
Oriximiná,-1.7656,-55.8661,78.66,71,96,2.28,BR,1607925600
Abu Dhabi,24.4667,54.3667,71.37,60,10,4.99,AE,1607925600
Toamasina,-18.1667,49.3833,77.45,83,40,9.42,MG,1607925600
Beringovskiy,63.05,179.3167,25.61,98,100,20.18,RU,1607925600
Bilibino,68.0546,166.4372,1.69,88,100,3.02,RU,1607925600
Mikulov,48.8056,16.6378,34.92,98,22,1.7,CZ,1607925600
Dois Vizinhos,-25.7336,-53.0572,64.94,100,98,3.65,BR,1607925600
Bonavista,48.6499,-53.1147,28.9,98,100,17.78,CA,1607925600
Erdemli,36.605,34.3084,60.12,68,99,22.08,TR,1607925600
Tautira,-17.7333,-149.15,81.52,65,27,11.07,PF,1607925600
Orocué,4.7912,-71.3354,73.74,86,100,5.59,CO,1607925600
Koslan,63.4564,48.8989,15.78,96,83,6.26,RU,1607925600
Zhigansk,66.7697,123.3711,-42.3,79,62,13.89,RU,1607925600
Real,14.6625,121.6047,86.29,66,46,10.36,PH,1607925600
Galle,6.0367,80.217,81.75,74,43,5.26,LK,1607925600
Lac du Bonnet,50.2536,-96.0612,-3.89,84,100,8.03,CA,1607925600
Agüimes,27.9054,-15.4461,60.76,76,44,6.24,ES,1607925600
Teahupoo,-17.8333,-149.2667,79.27,70,36,11.21,PF,1607925600
San Rafael,-34.6177,-68.3301,67.82,24,0,10.47,AR,1607925600
Warri,5.5167,5.75,76.12,94,29,1.07,NG,1607925600
Kostanay,53.1667,63.5833,10.9,85,22,6.73,KZ,1607925600
Penzance,50.1186,-5.5371,51.78,78,65,28.68,GB,1607925600
Bathsheba,13.2167,-59.5167,78.44,84,20,11.68,BB,1607925600
Chililabombwe,-12.3648,27.8229,62.92,96,100,4.59,ZM,1607925600
Roebourne,-20.7833,117.1333,88.79,46,11,12.66,AU,1607925600
Vardø,70.3705,31.1107,31.78,85,86,9.78,NO,1607925600
Atraulī,28.0333,78.2833,68.43,42,0,9.82,IN,1607925600
Huarmey,-10.0681,-78.1522,67.08,86,89,9.24,PE,1607925600
Sistranda,63.7256,8.834,39.45,71,10,7.2,NO,1607925600
Korla,41.7597,86.1469,26.69,79,0,1.99,CN,1607925600
Shache,38.4167,77.2406,29.71,96,88,7.76,CN,1607925600
Ellisras,-23.6649,27.7443,77.18,66,80,9.93,ZA,1607925600
Stokmarknes,68.5646,14.9108,37.27,76,80,5.57,NO,1607925600
Dauphin,51.1494,-100.0502,-0.62,84,1,1.92,CA,1607925600
North Platte,41.1239,-100.7654,27.19,78,1,5.68,US,1607925600
Kitimat,54.0524,-128.6534,28.94,92,89,2.98,CA,1607925600
Vitim,59.4511,112.5578,-14.93,82,77,5.26,RU,1607925600
Kitsuki,33.4167,131.6167,43.84,56,70,19.13,JP,1607925600
Kemijärvi,66.7131,27.4306,26.15,98,100,1.32,FI,1607925600
Sarakhs,36.5449,61.1577,37.56,77,0,7.92,IR,1607925600
Opuwo,-18.0607,13.84,69.13,34,17,0.51,NA,1607925600
Srednekolymsk,67.45,153.6833,-21.64,86,100,9.19,RU,1607925600
Cabuyaro,4.2817,-72.794,73.2,80,92,3.53,CO,1607925600
Maxixe,-23.8597,35.3472,84.33,79,25,5.5,MZ,1607925600
Havre-St-Pierre,50.2334,-63.5986,24.08,91,95,23.71,CA,1607925600
Iqaluit,63.7506,-68.5145,13.48,82,83,12.93,CA,1607925600
Banepā,27.6298,85.5214,64.22,47,10,2.42,NP,1607925600
Iquitos,-3.7481,-73.2472,72.3,96,90,1.72,PE,1607925600
Hanmer Springs,-42.5167,172.8167,66.65,49,45,4.32,NZ,1607925600
Bāfq,31.6128,55.4107,45.36,59,0,0.83,IR,1607925600
Manbij,36.5281,37.9549,49.98,83,87,15.5,SY,1607925600
Kjøllefjord,70.9457,27.3465,27.16,86,28,10.45,NO,1607925600
Mizdah,31.4451,12.9801,45.88,77,17,10.25,LY,1607925600
Savannakhet,16.566,104.751,89.44,58,39,5.79,LA,1607925600
Mazara del Vallo,37.6641,12.588,57.45,75,67,16.58,IT,1607925600
Itarema,-2.9248,-39.9167,80.19,77,13,13.49,BR,1607925600
Pemba,-12.974,40.5178,81.28,81,49,8.99,MZ,1607925600
Tirunelveli,8.7333,77.7,83.66,63,51,9.62,IN,1607925600
Portland,45.5234,-122.6762,41.88,88,95,1.16,US,1607925600
Dharān,26.8125,87.2835,73.65,51,3,4.68,NP,1607925600
Muisne,0.6,-80.0333,74.75,89,100,8.19,EC,1607925600
Tingi,-11.3,35.0333,73.09,82,92,3.67,TZ,1607925600
Hagi,34.4,131.4167,40.23,64,87,18.3,JP,1607925600
Lima,-12.0432,-77.0282,66.99,83,84,5.35,PE,1607925600
Comodoro Rivadavia,-45.8667,-67.5,58.23,52,45,37.38,AR,1607925600
Poum,-20.2333,164.0167,81.3,80,100,23.91,NC,1607925600
Papara,-3.9839,-38.7273,77.74,82,62,5.21,BR,1607925600
Lensk,60.7253,114.9278,-9.49,82,100,8.39,RU,1607925600
Nelson Bay,-32.7167,152.15,70.9,77,95,14.05,AU,1607925600
Porto-Novo,6.4965,2.6036,78.35,88,11,4.25,BJ,1607925600
Lillooet,50.6856,-121.942,32.67,88,93,1.52,CA,1607925600
Luganville,-15.5333,167.1667,84.22,78,75,9.31,VU,1607925600
Dingcheng,32.1272,115.0394,35.55,71,100,10.33,CN,1607925600
Dubbo,-32.25,148.6167,78.35,45,96,15.3,AU,1607925600
Castro,-24.7911,-50.0119,64.62,91,28,4.72,BR,1607925600
Hurghada,27.2574,33.8129,76.59,58,0,14.29,EG,1607925600
Verāval,20.9,70.3667,77.27,47,9,11.86,IN,1607925600
Kampene,-3.6,26.6667,69.89,94,100,2.93,CD,1607925600
Namatanai,-3.6667,152.4333,84.11,75,98,6.91,PG,1607925600
Duki,30.1541,68.5728,49.91,51,0,2.93,PK,1607925600
Kholmogory,64.2229,41.656,17.42,95,94,2.62,RU,1607925600
Tessalit,20.1986,1.0114,60.39,33,0,6.38,ML,1607925600
Vágur,61.4732,-6.8119,47.82,90,100,28.05,FO,1607925600
Kimbe,-5.5502,150.1429,79.72,86,100,4.97,PG,1607925600
Lucapa,-8.4192,20.7447,65.07,99,100,3.65,AO,1607925600
Road Town,18.4167,-64.6167,78.64,85,0,13.8,VG,1607925600
Sheridan,44.8333,-106.9173,21.65,88,48,2.84,US,1607925600
Airai,-8.9266,125.4092,71.13,95,100,1.7,TL,1607925600
Caconda,-13.7333,15.0667,58.98,70,100,4.45,AO,1607925600
Lunglei,22.8833,92.7333,78.62,44,16,3.78,IN,1607925600
Nishihara,26.1842,127.7558,65.48,71,95,16.49,JP,1607925600
Port Augusta,-32.5,137.7667,95.29,23,87,7.76,AU,1607925600
Acarí,-15.4311,-74.6158,68.32,68,76,3.36,PE,1607925600
Luanda,-8.8368,13.2343,74.41,79,85,5.79,AO,1607925600
Pitkyaranta,61.5734,31.4792,25.21,97,99,2.71,RU,1607925600
Aden,12.7794,45.0367,77.81,63,2,13.2,YE,1607925600
Lebedinyy,58.5167,125.5167,-33.59,83,4,1.1,RU,1607925600
Sorsk,54.0033,90.2467,7.03,90,100,5.1,RU,1607925600
Samarai,-10.6167,150.6667,83.25,74,97,7.78,PG,1607925600
Manokwari,-0.8667,134.0833,84.07,72,100,1.74,ID,1607925600
Umm Kaddadah,13.6017,26.6876,73.76,19,55,9.6,SD,1607925600
West Plains,36.7281,-91.8524,33.58,89,95,10.16,US,1607925600
Moussoro,13.6408,16.4901,74.98,18,1,10.54,TD,1607925600
Fairbanks,64.8378,-147.7164,6.1,73,95,7.94,US,1607925600
Falmouth,50.1544,-5.0711,50.61,79,70,22.82,GB,1607925600
Altamira,-3.2033,-52.2064,73.33,94,55,3.62,BR,1607925600
Porbandar,21.6422,69.6093,76.64,41,11,13.98,IN,1607925600
Gejiu,23.306,103.1635,60.94,85,87,7.36,CN,1607925600
Queimadas,-10.9783,-39.6264,67.84,83,88,4.9,BR,1607925600
St. George's,12.0564,-61.7485,78.62,89,10,10.02,GD,1607925600
Bacolod City,10.6667,122.95,85.62,70,1,14.67,PH,1607925600
La Asuncion,11.0333,-63.8628,78.62,87,0,12.17,VE,1607925600
Kamina,-8.7386,24.9906,64.2,98,100,1.95,CD,1607925600
La Libertad,-2.2333,-80.9,71.87,84,69,10.22,EC,1607925600
Fereydūnkenār,36.6864,52.5225,48.36,54,4,5.5,IR,1607925600
Ol'ga,43.7444,135.2892,9.18,75,0,15.05,RU,1607925600
